Unnamed: 0,date,serial_number,model,capacity_bytes,failure,datacenter,cluster_id,vault_id,pod_id,pod_slot_num,is_legacy_format,smart_1_normalized,smart_1_raw,smart_2_normalized,smart_2_raw,smart_3_normalized,smart_3_raw,smart_4_normalized,smart_4_raw,smart_5_normalized,smart_5_raw,smart_7_normalized,smart_7_raw,smart_8_normalized,smart_8_raw,smart_9_normalized,smart_9_raw,smart_10_normalized,smart_10_raw,smart_12_normalized,smart_12_raw,smart_18_normalized,smart_18_raw,smart_22_normalized,smart_22_raw,smart_23_normalized,smart_23_raw,smart_24_normalized,smart_24_raw,smart_187_normalized,smart_187_raw,smart_188_normalized,smart_188_raw,smart_190_normalized,smart_190_raw,smart_191_normalized,smart_191_raw,smart_192_normalized,smart_192_raw,smart_193_normalized,smart_193_raw,smart_194_normalized,smart_194_raw,smart_196_normalized,smart_196_raw,smart_197_normalized,smart_197_raw,smart_198_normalized,smart_198_raw,smart_199_normalized,smart_199_raw,smart_200_normalized,smart_200_raw,smart_220_normalized,smart_220_raw,smart_222_normalized,smart_222_raw,smart_223_normalized,smart_223_raw,smart_224_normalized,smart_224_raw,smart_226_normalized,smart_226_raw,smart_240_normalized,smart_240_raw,smart_241_normalized,smart_241_raw,smart_242_normalized,smart_242_raw,first_occurrence_date,failure_1_date,days_until_failure_1
14474,2024-04-14,1060A01MF97G,TOSHIBA MG07ACA14TA,14000519643136,1,sac2,0,1094,1,31.0,False,100.0,0.0,100.0,0.0,100.0,7843.0,100.0,9.0,100.0,0.0,100.0,0.0,100.0,0.0,18.0,33196.0,100.0,0.0,100.0,8.0,100.0,0.0,100.0,100.0,100.0,0.0,100.0,0.0,100.0,0.0,100.0,0.0,64.0,36.0,100.0,287.0,100.0,3.0,100.0,21.0,100.0,33.0,100.0,0.0,100.0,1.0,100.0,0.0,200.0,0.0,100.0,0.0,100.0,35782663.0,18.0,33082.0,100.0,0.0,100.0,0.0,100.0,585.0,100.0,0.0,100.0,511.0,100.0,290.0,2024-04-14,2024-04-14,0.0
9680,2024-03-22,10B0A089F97G,TOSHIBA MG07ACA14TA,14000519643136,1,phx1,0,1067,17,45.0,False,100.0,0.0,100.0,0.0,100.0,7952.0,100.0,5.0,100.0,0.0,100.0,0.0,100.0,0.0,11.0,35976.0,100.0,0.0,100.0,5.0,100.0,0.0,100.0,100.0,100.0,0.0,100.0,0.0,100.0,0.0,100.0,0.0,64.0,36.0,100.0,0.0,100.0,0.0,100.0,65.0,100.0,32.0,100.0,0.0,100.0,0.0,100.0,0.0,200.0,0.0,100.0,0.0,100.0,269615107.0,11.0,35875.0,100.0,0.0,100.0,0.0,100.0,589.0,100.0,0.0,100.0,12251.0,100.0,6286.0,2024-03-22,2024-03-22,0.0
10867,2024-03-28,10B0A09CF97G,TOSHIBA MG07ACA14TA,14000519643136,1,phx1,0,1069,7,47.0,False,100.0,0.0,100.0,0.0,100.0,7840.0,100.0,11.0,100.0,0.0,100.0,0.0,100.0,0.0,11.0,35733.0,100.0,0.0,100.0,8.0,100.0,0.0,100.0,100.0,100.0,0.0,100.0,0.0,100.0,0.0,100.0,0.0,64.0,36.0,100.0,59.0,100.0,1.0,100.0,544.0,100.0,33.0,100.0,0.0,100.0,1.0,100.0,0.0,200.0,0.0,100.0,0.0,100.0,152698883.0,13.0,34852.0,100.0,0.0,100.0,0.0,100.0,589.0,100.0,0.0,100.0,0.0,100.0,55621.0,2024-03-28,2024-03-28,0.0
93,2024-01-04,10B0A0FJF97G,TOSHIBA MG07ACA14TA,14000519643136,1,phx1,0,1067,2,12.0,False,100.0,0.0,100.0,0.0,100.0,7720.0,100.0,7.0,100.0,0.0,100.0,0.0,100.0,0.0,15.0,34099.0,100.0,0.0,100.0,6.0,100.0,0.0,100.0,100.0,100.0,0.0,100.0,0.0,100.0,0.0,100.0,0.0,64.0,36.0,100.0,223.0,100.0,1.0,100.0,68.0,100.0,28.0,100.0,0.0,100.0,0.0,100.0,0.0,200.0,0.0,100.0,0.0,100.0,252706824.0,16.0,33992.0,100.0,0.0,100.0,0.0,100.0,593.0,100.0,0.0,100.0,7648.0,100.0,50879.0,2024-01-04,2024-01-04,0.0
16761,2024-04-23,10B0A0RDF97G,TOSHIBA MG07ACA14TA,14000519643136,1,phx1,0,1067,7,36.0,False,100.0,0.0,100.0,0.0,100.0,7937.0,100.0,11.0,100.0,6.0,100.0,0.0,100.0,0.0,9.0,36752.0,100.0,0.0,100.0,8.0,100.0,0.0,100.0,100.0,100.0,0.0,100.0,0.0,100.0,0.0,100.0,0.0,64.0,36.0,100.0,12458.0,100.0,2.0,100.0,69.0,100.0,34.0,100.0,5.0,100.0,1.0,100.0,15.0,200.0,0.0,100.0,0.0,100.0,184680455.0,9.0,36581.0,100.0,0.0,100.0,0.0,100.0,583.0,100.0,0.0,100.0,1763.0,100.0,299.0,2024-04-23,2024-04-23,0.0
804,2024-01-17,10C0A01DF97G,TOSHIBA MG07ACA14TA,14000519643136,1,sac0,0,1106,2,24.0,False,100.0,0.0,100.0,0.0,100.0,7723.0,100.0,7.0,100.0,55.0,100.0,0.0,100.0,0.0,26.0,29921.0,100.0,0.0,100.0,7.0,100.0,0.0,100.0,100.0,100.0,0.0,100.0,0.0,100.0,0.0,100.0,0.0,71.0,29.0,100.0,2.0,100.0,3.0,100.0,35.0,100.0,20.0,100.0,53.0,100.0,14.0,1.0,708.0,200.0,0.0,100.0,0.0,100.0,219414531.0,26.0,29792.0,100.0,0.0,100.0,0.0,100.0,535.0,100.0,0.0,100.0,0.0,100.0,56445.0,2024-01-17,2024-01-17,0.0
14477,2024-04-14,10C0A0BAF97G,TOSHIBA MG07ACA14TA,14000519643136,1,sac2,0,1095,1,25.0,False,100.0,0.0,100.0,0.0,100.0,7914.0,100.0,9.0,100.0,0.0,100.0,0.0,100.0,0.0,16.0,33881.0,100.0,0.0,100.0,8.0,100.0,0.0,100.0,100.0,100.0,0.0,100.0,0.0,100.0,0.0,100.0,0.0,64.0,36.0,100.0,1.0,100.0,2.0,100.0,20.0,100.0,30.0,100.0,0.0,100.0,1.0,100.0,0.0,200.0,0.0,100.0,0.0,100.0,84017154.0,17.0,33580.0,100.0,0.0,100.0,0.0,100.0,581.0,100.0,0.0,100.0,511.0,100.0,290.0,2024-04-14,2024-04-14,0.0
9095,2024-03-19,10G0A00SF97G,TOSHIBA MG07ACA14TA,14000519643136,1,phx1,0,1069,7,57.0,False,100.0,0.0,100.0,0.0,100.0,7872.0,100.0,9.0,100.0,17.0,100.0,0.0,100.0,0.0,12.0,35514.0,100.0,0.0,100.0,7.0,100.0,0.0,100.0,100.0,100.0,0.0,100.0,0.0,100.0,0.0,100.0,0.0,70.0,30.0,100.0,96.0,100.0,1.0,100.0,610.0,100.0,35.0,100.0,14.0,100.0,1.0,100.0,28.0,200.0,0.0,100.0,0.0,100.0,1572866.0,14.0,34684.0,100.0,0.0,100.0,0.0,100.0,581.0,100.0,0.0,100.0,0.0,100.0,6594.0,2024-03-19,2024-03-19,0.0
9366,2024-03-20,10G0A00SF97G,TOSHIBA MG07ACA14TA,14000519643136,0,phx1,0,1069,7,57.0,False,100.0,0.0,100.0,0.0,100.0,7872.0,100.0,9.0,100.0,17.0,100.0,0.0,100.0,0.0,12.0,35545.0,100.0,0.0,100.0,7.0,100.0,0.0,100.0,100.0,100.0,0.0,100.0,0.0,100.0,0.0,100.0,0.0,64.0,36.0,100.0,96.0,100.0,1.0,100.0,610.0,100.0,35.0,100.0,14.0,100.0,1.0,100.0,28.0,200.0,0.0,100.0,0.0,100.0,34603009.0,14.0,34716.0,100.0,0.0,100.0,0.0,100.0,581.0,100.0,0.0,100.0,0.0,100.0,6484.0,2024-03-19,2024-03-19,-1.0
9568,2024-03-21,10G0A00SF97G,TOSHIBA MG07ACA14TA,14000519643136,0,phx1,0,1069,7,57.0,False,100.0,0.0,100.0,0.0,100.0,7872.0,100.0,9.0,100.0,17.0,100.0,0.0,100.0,0.0,12.0,35561.0,100.0,0.0,100.0,7.0,100.0,0.0,100.0,100.0,100.0,0.0,100.0,0.0,100.0,0.0,100.0,0.0,64.0,36.0,100.0,96.0,100.0,1.0,100.0,610.0,100.0,34.0,100.0,14.0,100.0,1.0,100.0,28.0,200.0,0.0,100.0,0.0,100.0,50462721.0,14.0,34732.0,100.0,0.0,100.0,0.0,100.0,581.0,100.0,0.0,100.0,0.0,100.0,30045.0,2024-03-19,2024-03-19,-2.0
9759,2024-03-22,10G0A00SF97G,TOSHIBA MG07ACA14TA,14000519643136,0,phx1,0,1069,7,57.0,False,100.0,0.0,100.0,0.0,100.0,7872.0,100.0,9.0,100.0,17.0,100.0,0.0,100.0,0.0,12.0,35593.0,100.0,0.0,100.0,7.0,100.0,0.0,100.0,100.0,100.0,0.0,100.0,0.0,100.0,0.0,100.0,0.0,64.0,36.0,100.0,96.0,100.0,1.0,100.0,610.0,100.0,35.0,100.0,14.0,100.0,1.0,100.0,28.0,200.0,0.0,100.0,0.0,100.0,1572865.0,14.0,34763.0,100.0,0.0,100.0,0.0,100.0,581.0,100.0,0.0,100.0,12251.0,100.0,6286.0,2024-03-19,2024-03-19,-3.0
9937,2024-03-23,10G0A00SF97G,TOSHIBA MG07ACA14TA,14000519643136,0,phx1,0,1069,7,57.0,False,100.0,0.0,100.0,0.0,100.0,7872.0,100.0,9.0,100.0,17.0,100.0,0.0,100.0,0.0,11.0,35609.0,100.0,0.0,100.0,7.0,100.0,0.0,100.0,100.0,100.0,0.0,100.0,0.0,100.0,0.0,100.0,0.0,64.0,36.0,100.0,96.0,100.0,1.0,100.0,610.0,100.0,35.0,100.0,14.0,100.0,1.0,100.0,28.0,200.0,0.0,100.0,0.0,100.0,185335809.0,14.0,34779.0,100.0,0.0,100.0,0.0,100.0,581.0,100.0,0.0,100.0,0.0,100.0,6791.0,2024-03-19,2024-03-19,-4.0
3549,2024-02-14,10K0A079F97G,TOSHIBA MG07ACA14TA,14000519643136,1,phx1,0,1069,12,35.0,False,100.0,0.0,100.0,0.0,100.0,7851.0,100.0,7.0,100.0,0.0,100.0,0.0,100.0,0.0,14.0,34706.0,100.0,0.0,100.0,7.0,100.0,0.0,100.0,100.0,100.0,0.0,100.0,0.0,100.0,0.0,100.0,0.0,71.0,29.0,100.0,1.0,100.0,1.0,100.0,571.0,100.0,35.0,100.0,0.0,100.0,0.0,100.0,0.0,200.0,0.0,100.0,0.0,100.0,153223172.0,15.0,34112.0,100.0,0.0,100.0,0.0,100.0,592.0,100.0,0.0,100.0,66659.0,100.0,5754.0,2024-02-14,2024-02-14,0.0
864,2024-01-18,10K0A08QF97G,TOSHIBA MG07ACA14TA,14000519643136,1,phx1,0,1069,13,20.0,False,100.0,0.0,100.0,0.0,100.0,7665.0,100.0,9.0,100.0,0.0,100.0,0.0,100.0,0.0,15.0,34054.0,100.0,0.0,100.0,8.0,100.0,0.0,100.0,100.0,100.0,0.0,100.0,0.0,100.0,0.0,100.0,0.0,72.0,28.0,100.0,549.0,100.0,1.0,100.0,590.0,100.0,32.0,100.0,0.0,100.0,0.0,100.0,0.0,200.0,0.0,100.0,0.0,100.0,18087942.0,17.0,33460.0,100.0,0.0,100.0,0.0,100.0,589.0,100.0,0.0,100.0,0.0,100.0,4864.0,2024-01-18,2024-01-18,0.0
6242,2024-03-03,10L0A005F97G,TOSHIBA MG07ACA14TA,14000519643136,1,sac0,0,1115,19,11.0,False,100.0,0.0,100.0,0.0,100.0,8154.0,100.0,50.0,100.0,0.0,100.0,0.0,100.0,0.0,47.0,21512.0,100.0,0.0,100.0,50.0,100.0,0.0,100.0,100.0,100.0,0.0,100.0,0.0,100.0,0.0,100.0,0.0,71.0,29.0,100.0,4.0,100.0,41.0,100.0,57.0,100.0,24.0,100.0,0.0,100.0,0.0,100.0,0.0,200.0,0.0,100.0,0.0,100.0,50724866.0,47.0,21500.0,100.0,0.0,100.0,0.0,100.0,591.0,100.0,0.0,100.0,0.0,100.0,6186.0,2024-03-03,2024-03-03,0.0
2250,2024-02-03,10L0A00YF97G,TOSHIBA MG07ACA14TA,14000519643136,1,phx1,0,1069,6,59.0,False,100.0,0.0,100.0,0.0,100.0,7831.0,100.0,8.0,100.0,0.0,100.0,0.0,100.0,0.0,14.0,34435.0,100.0,0.0,100.0,8.0,100.0,0.0,100.0,100.0,100.0,0.0,100.0,0.0,100.0,0.0,100.0,0.0,69.0,31.0,100.0,1.0,100.0,1.0,100.0,514.0,100.0,36.0,100.0,0.0,100.0,0.0,100.0,0.0,200.0,0.0,100.0,0.0,100.0,1703938.0,16.0,33830.0,100.0,0.0,100.0,0.0,100.0,593.0,100.0,0.0,100.0,1333.0,100.0,5600.0,2024-02-03,2024-02-03,0.0
19154,2024-05-02,10L0A04BF97G,TOSHIBA MG07ACA14TA,14000519643136,1,phx1,0,1069,3,51.0,False,100.0,0.0,100.0,0.0,100.0,7926.0,100.0,9.0,100.0,0.0,100.0,0.0,100.0,0.0,9.0,36571.0,100.0,0.0,100.0,7.0,100.0,0.0,100.0,100.0,100.0,0.0,100.0,0.0,100.0,0.0,100.0,0.0,64.0,36.0,100.0,585164.0,100.0,1.0,100.0,510.0,100.0,36.0,100.0,0.0,100.0,2.0,100.0,0.0,200.0,0.0,100.0,0.0,100.0,19005443.0,11.0,35940.0,100.0,0.0,100.0,0.0,100.0,584.0,100.0,0.0,100.0,3072.0,100.0,321.0,2024-05-02,2024-05-02,0.0
309,2024-01-08,10L0A0EFFV8G,TOSHIBA MG08ACA16TEY,16000900661248,1,ams5,31,2005,16,24.0,False,100.0,0.0,100.0,0.0,100.0,6974.0,100.0,21.0,100.0,0.0,100.0,0.0,100.0,0.0,34.0,26604.0,100.0,0.0,100.0,19.0,100.0,0.0,100.0,100.0,100.0,0.0,100.0,0.0,100.0,0.0,100.0,0.0,71.0,29.0,100.0,0.0,100.0,15.0,100.0,44.0,100.0,44.0,100.0,0.0,100.0,0.0,100.0,0.0,200.0,0.0,100.0,0.0,100.0,0.0,76.0,9853.0,100.0,0.0,100.0,0.0,100.0,592.0,100.0,0.0,100.0,234253106449.0,100.0,500629009733.0,2024-01-08,2024-01-08,0.0
7075,2024-03-08,10N0A010F97G,TOSHIBA MG07ACA14TA,14000519643136,1,phx1,0,1069,4,55.0,False,100.0,0.0,100.0,0.0,100.0,7857.0,100.0,10.0,100.0,0.0,100.0,0.0,100.0,0.0,12.0,35247.0,100.0,0.0,100.0,10.0,100.0,0.0,100.0,100.0,100.0,0.0,100.0,0.0,100.0,0.0,100.0,0.0,71.0,29.0,100.0,613200.0,100.0,2.0,100.0,562.0,100.0,35.0,100.0,0.0,100.0,0.0,100.0,0.0,200.0,0.0,100.0,0.0,100.0,34603010.0,14.0,34584.0,100.0,0.0,100.0,0.0,100.0,586.0,100.0,0.0,100.0,82366.0,100.0,6308.0,2024-03-08,2024-03-08,0.0
7616,2024-03-11,10N0A024F97G,TOSHIBA MG07ACA14TA,14000519643136,1,phx1,0,1069,11,47.0,False,95.0,0.0,100.0,0.0,100.0,7926.0,100.0,8.0,100.0,2.0,100.0,0.0,100.0,0.0,12.0,35316.0,100.0,0.0,100.0,6.0,100.0,0.0,100.0,100.0,100.0,0.0,96.0,0.0,100.0,0.0,100.0,0.0,71.0,29.0,100.0,628.0,100.0,1.0,100.0,597.0,100.0,34.0,100.0,2.0,100.0,7.0,100.0,0.0,200.0,0.0,100.0,0.0,100.0,285343746.0,14.0,34589.0,100.0,0.0,100.0,0.0,100.0,582.0,100.0,0.0,100.0,0.0,100.0,67597.0,2024-03-11,2024-03-11,0.0
17310,2024-04-25,10N0A03XF97G,TOSHIBA MG07ACA14TA,14000519643136,1,phx1,0,1069,11,51.0,False,100.0,0.0,100.0,0.0,100.0,7852.0,100.0,8.0,100.0,0.0,100.0,0.0,100.0,0.0,9.0,36407.0,100.0,0.0,100.0,7.0,100.0,0.0,100.0,100.0,100.0,0.0,100.0,0.0,100.0,0.0,100.0,0.0,64.0,36.0,100.0,1.0,100.0,1.0,100.0,534.0,100.0,37.0,100.0,0.0,100.0,7.0,100.0,0.0,200.0,0.0,100.0,0.0,100.0,1572867.0,11.0,35729.0,100.0,0.0,100.0,0.0,100.0,577.0,100.0,0.0,100.0,0.0,100.0,314.0,2024-04-25,2024-04-25,0.0
23025,2024-05-15,10S0A01FFV8G,TOSHIBA MG08ACA16TEY,16000900661248,1,ams5,31,2005,11,13.0,False,100.0,0.0,100.0,0.0,100.0,6933.0,100.0,18.0,100.0,28.0,100.0,0.0,100.0,0.0,26.0,29681.0,100.0,0.0,100.0,18.0,100.0,0.0,100.0,100.0,100.0,0.0,100.0,0.0,100.0,0.0,100.0,0.0,64.0,36.0,100.0,0.0,100.0,17.0,100.0,62.0,100.0,30.0,100.0,27.0,100.0,0.0,100.0,57.0,200.0,0.0,100.0,0.0,100.0,0.0,67.0,12931.0,100.0,0.0,100.0,0.0,100.0,592.0,100.0,0.0,100.0,292226291330.0,100.0,583430576862.0,2024-05-15,2024-05-15,0.0
16518,2024-04-22,1170A02MF97G,TOSHIBA MG07ACA14TA,14000519643136,1,sac2,0,1160,11,26.0,False,100.0,0.0,100.0,0.0,100.0,7722.0,100.0,5.0,100.0,0.0,100.0,0.0,100.0,0.0,32.0,27598.0,100.0,0.0,100.0,5.0,100.0,0.0,100.0,100.0,100.0,0.0,100.0,0.0,100.0,0.0,100.0,0.0,64.0,36.0,100.0,1.0,100.0,1.0,100.0,113.0,100.0,36.0,100.0,0.0,100.0,0.0,100.0,0.0,200.0,0.0,100.0,0.0,100.0,51249155.0,32.0,27270.0,100.0,0.0,100.0,0.0,100.0,530.0,100.0,0.0,100.0,0.0,100.0,299.0,2024-04-22,2024-04-22,0.0
14471,2024-04-14,11E0A00QF97G,TOSHIBA MG07ACA14TA,14000519643136,1,phx1,0,1082,16,27.0,False,100.0,0.0,100.0,0.0,100.0,7953.0,100.0,5.0,100.0,0.0,100.0,0.0,100.0,0.0,35.0,26345.0,100.0,0.0,100.0,4.0,100.0,0.0,100.0,100.0,100.0,0.0,100.0,0.0,100.0,0.0,100.0,0.0,64.0,36.0,100.0,2.0,100.0,2.0,100.0,183.0,100.0,30.0,100.0,0.0,100.0,1.0,100.0,0.0,200.0,0.0,100.0,0.0,100.0,50987009.0,35.0,26186.0,100.0,0.0,100.0,0.0,100.0,582.0,100.0,0.0,100.0,511.0,100.0,290.0,2024-04-14,2024-04-14,0.0
2444,2024-02-05,11F0A047F97G,TOSHIBA MG07ACA14TA,14000519643136,1,phx1,0,1082,18,51.0,False,100.0,0.0,100.0,0.0,100.0,7608.0,100.0,11.0,100.0,0.0,100.0,0.0,100.0,0.0,39.0,24695.0,100.0,0.0,100.0,11.0,100.0,0.0,100.0,100.0,100.0,0.0,100.0,0.0,100.0,0.0,100.0,0.0,70.0,30.0,100.0,1276.0,100.0,8.0,100.0,177.0,100.0,35.0,100.0,0.0,100.0,0.0,100.0,0.0,200.0,0.0,100.0,0.0,100.0,84017154.0,39.0,24530.0,100.0,0.0,100.0,0.0,100.0,591.0,100.0,0.0,100.0,80668.0,100.0,57074.0,2024-02-05,2024-02-05,0.0
32566,2024-06-12,11J0A0TNF97G,TOSHIBA MG07ACA14TA,14000519643136,1,phx1,0,1082,4,38.0,False,100.0,0.0,100.0,0.0,100.0,7904.0,100.0,11.0,100.0,0.0,100.0,0.0,100.0,0.0,31.0,27841.0,100.0,0.0,100.0,9.0,100.0,0.0,100.0,100.0,100.0,0.0,100.0,0.0,100.0,0.0,100.0,0.0,64.0,36.0,100.0,12.0,100.0,1.0,100.0,173.0,100.0,35.0,100.0,0.0,100.0,1.0,100.0,0.0,200.0,0.0,100.0,0.0,100.0,168558594.0,32.0,27571.0,100.0,0.0,100.0,0.0,100.0,586.0,100.0,0.0,100.0,19848.0,100.0,62716.0,2024-06-12,2024-06-12,0.0
20274,2024-05-06,11J0A0U0F97G,TOSHIBA MG07ACA14TA,14000519643136,1,phx1,0,1082,4,39.0,False,100.0,0.0,100.0,0.0,100.0,7561.0,100.0,9.0,100.0,10.0,100.0,0.0,100.0,0.0,33.0,26945.0,100.0,0.0,100.0,6.0,100.0,0.0,100.0,100.0,100.0,0.0,100.0,0.0,100.0,0.0,100.0,0.0,63.0,37.0,100.0,787.0,100.0,1.0,100.0,170.0,100.0,36.0,100.0,10.0,100.0,3.0,100.0,0.0,200.0,0.0,100.0,0.0,100.0,85327875.0,34.0,26605.0,100.0,0.0,100.0,0.0,100.0,592.0,100.0,0.0,100.0,0.0,100.0,315.0,2024-05-06,2024-05-06,0.0
1952,2024-01-31,11J0A0U4F97G,TOSHIBA MG07ACA14TA,14000519643136,1,sac2,0,1160,6,53.0,False,100.0,0.0,100.0,0.0,100.0,7809.0,100.0,12.0,100.0,0.0,100.0,0.0,100.0,0.0,37.0,25399.0,100.0,0.0,100.0,4.0,100.0,0.0,100.0,100.0,100.0,0.0,100.0,0.0,100.0,0.0,100.0,0.0,64.0,36.0,100.0,221.0,100.0,0.0,100.0,131.0,100.0,39.0,100.0,0.0,100.0,0.0,100.0,6.0,200.0,0.0,100.0,0.0,100.0,18481155.0,39.0,24789.0,100.0,0.0,100.0,0.0,100.0,580.0,100.0,0.0,100.0,14187.0,100.0,46736.0,2024-01-31,2024-01-31,0.0
6067,2024-03-02,11J0A0VNF97G,TOSHIBA MG07ACA14TA,14000519643136,1,phx1,0,1082,4,33.0,False,100.0,0.0,100.0,0.0,100.0,7675.0,100.0,5.0,100.0,0.0,100.0,0.0,100.0,0.0,37.0,25393.0,100.0,0.0,100.0,5.0,100.0,0.0,100.0,100.0,100.0,0.0,100.0,0.0,100.0,0.0,100.0,0.0,71.0,29.0,100.0,12.0,100.0,1.0,100.0,196.0,100.0,36.0,100.0,0.0,100.0,0.0,100.0,0.0,200.0,0.0,100.0,0.0,100.0,1310722.0,38.0,25137.0,100.0,0.0,100.0,0.0,100.0,593.0,100.0,0.0,100.0,20512.0,100.0,38836.0,2024-03-02,2024-03-02,0.0
10870,2024-03-28,11K0A03ZF97G,TOSHIBA MG07ACA14TA,14000519643136,1,phx1,0,1082,12,57.0,False,100.0,0.0,100.0,0.0,100.0,7888.0,100.0,5.0,100.0,0.0,100.0,0.0,100.0,0.0,36.0,25948.0,100.0,0.0,100.0,4.0,100.0,0.0,100.0,100.0,100.0,0.0,100.0,0.0,100.0,0.0,100.0,0.0,64.0,36.0,100.0,2.0,100.0,2.0,100.0,171.0,100.0,32.0,100.0,0.0,100.0,2.0,100.0,4.0,200.0,0.0,100.0,0.0,100.0,2097153.0,36.0,25746.0,100.0,0.0,100.0,0.0,100.0,532.0,100.0,0.0,100.0,0.0,100.0,55621.0,2024-03-28,2024-03-28,0.0
22658,2024-05-14,11W0A01ZF97G,TOSHIBA MG07ACA14TA,14000519643136,1,phx1,0,1082,19,39.0,False,100.0,0.0,100.0,0.0,100.0,7880.0,100.0,5.0,100.0,0.0,100.0,0.0,100.0,0.0,33.0,27078.0,100.0,0.0,100.0,5.0,100.0,0.0,100.0,100.0,100.0,0.0,100.0,0.0,100.0,0.0,100.0,0.0,64.0,36.0,100.0,8.0,100.0,2.0,100.0,174.0,100.0,36.0,100.0,0.0,100.0,0.0,100.0,0.0,200.0,0.0,100.0,0.0,100.0,134217731.0,33.0,26920.0,100.0,0.0,100.0,0.0,100.0,594.0,100.0,0.0,100.0,5074.0,100.0,321.0,2024-05-14,2024-05-14,0.0
21488,2024-05-10,1270A01XFVKG,TOSHIBA MG08ACA16TA,16000900661248,1,phx1,40,2019,4,19.0,False,100.0,0.0,100.0,0.0,100.0,8170.0,100.0,10.0,100.0,0.0,100.0,0.0,100.0,0.0,84.0,6447.0,100.0,0.0,100.0,10.0,100.0,0.0,100.0,100.0,100.0,0.0,100.0,0.0,100.0,0.0,100.0,0.0,64.0,36.0,100.0,0.0,100.0,9.0,100.0,24.0,100.0,33.0,100.0,0.0,100.0,0.0,100.0,0.0,200.0,0.0,100.0,0.0,100.0,18481159.0,85.0,6284.0,100.0,0.0,100.0,0.0,100.0,531.0,100.0,0.0,100.0,1186988032.0,100.0,319.0,2024-05-10,2024-05-10,0.0
4672,2024-02-22,1270A0HCFVKG,TOSHIBA MG08ACA16TA,16000900661248,1,phx1,40,2019,10,24.0,False,100.0,0.0,100.0,0.0,100.0,7889.0,100.0,11.0,100.0,0.0,100.0,0.0,100.0,0.0,89.0,4581.0,100.0,0.0,100.0,11.0,100.0,0.0,100.0,100.0,100.0,0.0,100.0,0.0,100.0,0.0,100.0,0.0,64.0,36.0,100.0,0.0,100.0,10.0,100.0,21.0,100.0,32.0,100.0,0.0,100.0,1.0,100.0,0.0,200.0,0.0,100.0,0.0,100.0,33554439.0,89.0,4415.0,100.0,0.0,100.0,0.0,100.0,594.0,100.0,0.0,100.0,0.0,100.0,1947.0,2024-02-22,2024-02-22,0.0
38962,2024-06-29,1270A1BNFVKG,TOSHIBA MG08ACA16TA,16000900661248,1,sac2,20,3005,4,1.0,False,100.0,0.0,100.0,0.0,100.0,7985.0,100.0,7.0,100.0,0.0,100.0,0.0,100.0,0.0,82.0,7289.0,100.0,0.0,100.0,7.0,100.0,0.0,100.0,100.0,100.0,0.0,100.0,0.0,100.0,0.0,100.0,0.0,64.0,36.0,100.0,0.0,100.0,6.0,100.0,15.0,100.0,38.0,100.0,0.0,100.0,0.0,100.0,0.0,200.0,0.0,100.0,0.0,100.0,101056518.0,83.0,7128.0,100.0,0.0,100.0,0.0,100.0,531.0,100.0,0.0,100.0,10808.0,100.0,62477.0,2024-06-29,2024-06-29,0.0
2784,2024-02-08,1280A007FVKG,TOSHIBA MG08ACA16TA,16000900661248,1,phx1,40,2019,7,40.0,False,100.0,0.0,100.0,0.0,100.0,8126.0,100.0,9.0,100.0,83.0,100.0,0.0,100.0,0.0,90.0,4240.0,100.0,0.0,100.0,9.0,100.0,0.0,100.0,100.0,100.0,0.0,82.0,0.0,100.0,0.0,100.0,0.0,70.0,30.0,100.0,0.0,100.0,8.0,100.0,20.0,100.0,37.0,100.0,83.0,100.0,267.0,100.0,0.0,200.0,0.0,100.0,0.0,100.0,219021317.0,90.0,4077.0,100.0,0.0,100.0,0.0,100.0,530.0,100.0,0.0,100.0,0.0,100.0,3562.0,2024-02-08,2024-02-08,0.0
25495,2024-05-23,1290A05NFVKG,TOSHIBA MG08ACA16TA,16000900661248,1,sac2,20,3005,14,0.0,False,100.0,0.0,100.0,0.0,100.0,8093.0,100.0,8.0,100.0,0.0,100.0,0.0,100.0,0.0,85.0,6379.0,100.0,0.0,100.0,8.0,100.0,0.0,100.0,100.0,100.0,0.0,100.0,0.0,100.0,0.0,100.0,0.0,70.0,30.0,100.0,24.0,100.0,7.0,100.0,15.0,100.0,30.0,100.0,0.0,100.0,0.0,100.0,0.0,200.0,0.0,100.0,0.0,100.0,35520517.0,85.0,6238.0,100.0,0.0,100.0,0.0,100.0,590.0,100.0,0.0,100.0,6253.0,100.0,71163.0,2024-05-23,2024-05-23,0.0
165,2024-01-05,1290A07FFVKG,TOSHIBA MG08ACA16TA,16000900661248,1,phx1,40,2019,1,54.0,False,100.0,0.0,100.0,0.0,100.0,7926.0,100.0,29.0,100.0,0.0,100.0,0.0,100.0,0.0,92.0,3433.0,100.0,0.0,100.0,29.0,100.0,0.0,100.0,100.0,100.0,0.0,100.0,0.0,100.0,0.0,100.0,0.0,71.0,29.0,100.0,0.0,100.0,28.0,100.0,51.0,100.0,41.0,100.0,0.0,100.0,1.0,100.0,0.0,200.0,25.0,100.0,0.0,100.0,85983240.0,92.0,3302.0,100.0,0.0,100.0,0.0,100.0,530.0,100.0,0.0,100.0,0.0,100.0,49972.0,2024-01-05,2024-01-05,0.0
39339,2024-06-30,1290A081FVKG,TOSHIBA MG08ACA16TA,16000900661248,1,phx1,40,2019,18,6.0,False,100.0,0.0,100.0,0.0,100.0,7918.0,100.0,10.0,100.0,0.0,100.0,0.0,100.0,0.0,81.0,7663.0,100.0,0.0,100.0,10.0,100.0,0.0,100.0,100.0,100.0,0.0,100.0,0.0,100.0,0.0,100.0,0.0,64.0,36.0,100.0,21.0,100.0,9.0,100.0,24.0,100.0,24.0,100.0,0.0,100.0,0.0,100.0,0.0,200.0,0.0,100.0,0.0,100.0,35782662.0,82.0,7498.0,100.0,0.0,100.0,0.0,100.0,531.0,100.0,0.0,100.0,0.0,100.0,1092.0,2024-06-30,2024-06-30,0.0
3576,2024-02-14,12A0A04ZFVKG,TOSHIBA MG08ACA16TA,16000900661248,1,phx1,40,2019,5,18.0,False,100.0,0.0,100.0,0.0,100.0,8092.0,100.0,9.0,100.0,0.0,100.0,0.0,100.0,0.0,90.0,4388.0,100.0,0.0,100.0,9.0,100.0,0.0,100.0,100.0,100.0,0.0,100.0,0.0,100.0,0.0,100.0,0.0,71.0,29.0,100.0,0.0,100.0,8.0,100.0,20.0,100.0,32.0,100.0,0.0,100.0,2.0,100.0,0.0,200.0,0.0,100.0,0.0,100.0,102891525.0,90.0,4224.0,100.0,0.0,100.0,0.0,100.0,533.0,100.0,0.0,100.0,66659.0,100.0,5754.0,2024-02-14,2024-02-14,0.0
16785,2024-04-23,12B0A00AFVKG,TOSHIBA MG08ACA16TA,16000900661248,1,sac0,0,1180,3,9.0,False,100.0,0.0,100.0,0.0,100.0,8098.0,100.0,13.0,27.0,7164.0,100.0,0.0,100.0,0.0,83.0,6802.0,100.0,0.0,100.0,13.0,100.0,0.0,100.0,100.0,100.0,0.0,100.0,0.0,100.0,0.0,100.0,0.0,64.0,36.0,100.0,1.0,100.0,12.0,100.0,47.0,100.0,21.0,100.0,1889.0,100.0,8.0,100.0,9.0,200.0,0.0,100.0,0.0,100.0,17563655.0,92.0,3355.0,100.0,0.0,100.0,0.0,100.0,541.0,100.0,0.0,100.0,1763.0,100.0,299.0,2024-04-23,2024-04-23,0.0
3292,2024-02-12,12C0A048FVKG,TOSHIBA MG08ACA16TA,16000900661248,1,sac2,20,3004,7,49.0,False,100.0,0.0,100.0,0.0,100.0,8155.0,100.0,16.0,100.0,0.0,100.0,0.0,100.0,0.0,88.0,4917.0,100.0,0.0,100.0,16.0,100.0,0.0,100.0,100.0,100.0,0.0,100.0,0.0,100.0,0.0,100.0,0.0,71.0,29.0,100.0,0.0,100.0,15.0,100.0,78.0,100.0,37.0,100.0,0.0,100.0,0.0,100.0,0.0,200.0,0.0,100.0,0.0,100.0,236191751.0,90.0,4389.0,100.0,0.0,100.0,0.0,100.0,593.0,100.0,0.0,100.0,0.0,100.0,5889.0,2024-02-12,2024-02-12,0.0
1304,2024-01-24,12V0A03VFV8G,TOSHIBA MG08ACA16TEY,16000900661248,0,ams5,31,2018,13,14.0,False,100.0,0.0,100.0,0.0,100.0,6946.0,100.0,18.0,100.0,0.0,100.0,0.0,100.0,0.0,66.0,13869.0,100.0,0.0,100.0,18.0,100.0,0.0,100.0,100.0,100.0,0.0,100.0,0.0,100.0,0.0,100.0,0.0,70.0,30.0,100.0,0.0,100.0,17.0,100.0,1327.0,100.0,29.0,100.0,0.0,100.0,0.0,100.0,0.0,200.0,0.0,100.0,0.0,100.0,0.0,75.0,10759.0,100.0,0.0,100.0,0.0,100.0,592.0,100.0,0.0,100.0,162869837533.0,100.0,234488530050.0,2024-01-24,,
1470,2024-01-25,12V0A03VFV8G,TOSHIBA MG08ACA16TEY,16000900661248,0,ams5,31,2018,13,14.0,False,100.0,0.0,100.0,0.0,100.0,6946.0,100.0,18.0,100.0,0.0,100.0,0.0,100.0,0.0,66.0,13890.0,100.0,0.0,100.0,18.0,100.0,0.0,100.0,100.0,100.0,0.0,100.0,0.0,100.0,0.0,100.0,0.0,70.0,30.0,100.0,0.0,100.0,17.0,100.0,1327.0,100.0,30.0,100.0,0.0,100.0,0.0,100.0,0.0,200.0,0.0,100.0,0.0,100.0,0.0,75.0,26206.0,100.0,0.0,100.0,0.0,100.0,592.0,100.0,0.0,100.0,163088885933.0,100.0,234948717010.0,2024-01-24,,
1550,2024-01-26,12V0A03VFV8G,TOSHIBA MG08ACA16TEY,16000900661248,0,ams5,31,2018,13,14.0,False,100.0,0.0,100.0,0.0,100.0,6946.0,100.0,18.0,100.0,0.0,100.0,0.0,100.0,0.0,66.0,13917.0,100.0,0.0,100.0,18.0,100.0,0.0,100.0,100.0,100.0,0.0,100.0,0.0,100.0,0.0,100.0,0.0,68.0,32.0,100.0,0.0,100.0,17.0,100.0,1327.0,100.0,30.0,100.0,0.0,100.0,0.0,100.0,0.0,200.0,0.0,100.0,0.0,100.0,0.0,75.0,10806.0,100.0,0.0,100.0,0.0,100.0,592.0,100.0,0.0,100.0,163423135837.0,100.0,235558431922.0,2024-01-24,,
1629,2024-01-27,12V0A03VFV8G,TOSHIBA MG08ACA16TEY,16000900661248,0,ams5,31,2018,13,14.0,False,100.0,0.0,100.0,0.0,100.0,6946.0,100.0,18.0,100.0,0.0,100.0,0.0,100.0,0.0,66.0,13938.0,100.0,0.0,100.0,18.0,100.0,0.0,100.0,100.0,100.0,0.0,100.0,0.0,100.0,0.0,100.0,0.0,65.0,35.0,100.0,0.0,100.0,17.0,100.0,1327.0,100.0,30.0,100.0,0.0,100.0,0.0,100.0,0.0,200.0,0.0,100.0,0.0,100.0,0.0,75.0,26253.0,100.0,0.0,100.0,0.0,100.0,592.0,100.0,0.0,100.0,163643343493.0,100.0,236012761610.0,2024-01-24,,
1725,2024-01-28,12V0A03VFV8G,TOSHIBA MG08ACA16TEY,16000900661248,0,ams5,31,2018,13,14.0,False,100.0,0.0,100.0,0.0,100.0,6946.0,100.0,18.0,100.0,0.0,100.0,0.0,100.0,0.0,66.0,13965.0,100.0,0.0,100.0,18.0,100.0,0.0,100.0,100.0,100.0,0.0,100.0,0.0,100.0,0.0,100.0,0.0,64.0,36.0,100.0,0.0,100.0,17.0,100.0,1327.0,100.0,29.0,100.0,0.0,100.0,0.0,100.0,0.0,200.0,0.0,100.0,0.0,100.0,0.0,75.0,10852.0,100.0,0.0,100.0,0.0,100.0,592.0,100.0,0.0,100.0,163944431677.0,100.0,236605520450.0,2024-01-24,,
1811,2024-01-29,12V0A03VFV8G,TOSHIBA MG08ACA16TEY,16000900661248,0,ams5,31,2018,13,14.0,False,100.0,0.0,100.0,0.0,100.0,6946.0,100.0,18.0,100.0,0.0,100.0,0.0,100.0,0.0,66.0,13985.0,100.0,0.0,100.0,18.0,100.0,0.0,100.0,100.0,100.0,0.0,100.0,0.0,100.0,0.0,100.0,0.0,64.0,36.0,100.0,0.0,100.0,17.0,100.0,1327.0,100.0,29.0,100.0,0.0,100.0,0.0,100.0,0.0,200.0,0.0,100.0,0.0,100.0,0.0,75.0,10358.0,100.0,0.0,100.0,0.0,100.0,592.0,100.0,0.0,100.0,164121925885.0,100.0,237061709634.0,2024-01-24,,
1903,2024-01-30,12V0A03VFV8G,TOSHIBA MG08ACA16TEY,16000900661248,0,ams5,31,2018,13,14.0,False,100.0,0.0,100.0,0.0,100.0,6946.0,100.0,18.0,100.0,0.0,100.0,0.0,100.0,0.0,65.0,14013.0,100.0,0.0,100.0,18.0,100.0,0.0,100.0,100.0,100.0,0.0,100.0,0.0,100.0,0.0,100.0,0.0,64.0,36.0,100.0,0.0,100.0,17.0,100.0,1327.0,100.0,30.0,100.0,0.0,100.0,0.0,100.0,0.0,200.0,0.0,100.0,0.0,100.0,0.0,75.0,10898.0,100.0,0.0,100.0,0.0,100.0,592.0,100.0,0.0,100.0,164358255901.0,100.0,237660669154.0,2024-01-24,,
2035,2024-01-31,12V0A03VFV8G,TOSHIBA MG08ACA16TEY,16000900661248,0,ams5,31,2018,13,14.0,False,100.0,0.0,100.0,0.0,100.0,6946.0,100.0,18.0,100.0,0.0,100.0,0.0,100.0,0.0,65.0,14033.0,100.0,0.0,100.0,18.0,100.0,0.0,100.0,100.0,100.0,0.0,100.0,0.0,100.0,0.0,100.0,0.0,64.0,36.0,100.0,0.0,100.0,17.0,100.0,1327.0,100.0,29.0,100.0,0.0,100.0,0.0,100.0,0.0,200.0,0.0,100.0,0.0,100.0,0.0,93.0,10948.0,100.0,0.0,100.0,0.0,100.0,592.0,100.0,0.0,100.0,164557726629.0,100.0,238100441834.0,2024-01-24,,
2139,2024-02-01,12V0A03VFV8G,TOSHIBA MG08ACA16TEY,16000900661248,0,ams5,31,2018,13,14.0,False,100.0,0.0,100.0,0.0,100.0,6946.0,100.0,18.0,100.0,0.0,100.0,0.0,100.0,0.0,65.0,14061.0,100.0,0.0,100.0,18.0,100.0,0.0,100.0,100.0,100.0,0.0,100.0,0.0,100.0,0.0,100.0,0.0,64.0,36.0,100.0,0.0,100.0,17.0,100.0,1327.0,100.0,30.0,100.0,0.0,100.0,0.0,100.0,0.0,200.0,0.0,100.0,0.0,100.0,0.0,73.0,10944.0,100.0,0.0,100.0,0.0,100.0,592.0,100.0,0.0,100.0,164880223837.0,100.0,238657959442.0,2024-01-24,,
2237,2024-02-02,12V0A03VFV8G,TOSHIBA MG08ACA16TEY,16000900661248,0,ams5,31,2018,13,14.0,False,100.0,0.0,100.0,0.0,100.0,6946.0,100.0,18.0,100.0,0.0,100.0,0.0,100.0,0.0,65.0,14081.0,100.0,0.0,100.0,18.0,100.0,0.0,100.0,100.0,100.0,0.0,100.0,0.0,100.0,0.0,100.0,0.0,64.0,36.0,100.0,0.0,100.0,17.0,100.0,1327.0,100.0,30.0,100.0,0.0,100.0,0.0,100.0,0.0,200.0,0.0,100.0,0.0,100.0,0.0,73.0,10974.0,100.0,0.0,100.0,0.0,100.0,592.0,100.0,0.0,100.0,165129613757.0,100.0,239097175458.0,2024-01-24,,
2339,2024-02-03,12V0A03VFV8G,TOSHIBA MG08ACA16TEY,16000900661248,0,ams5,31,2018,13,14.0,False,100.0,0.0,100.0,0.0,100.0,6946.0,100.0,18.0,100.0,0.0,100.0,0.0,100.0,0.0,65.0,14109.0,100.0,0.0,100.0,18.0,100.0,0.0,100.0,100.0,100.0,0.0,100.0,0.0,100.0,0.0,100.0,0.0,69.0,31.0,100.0,0.0,100.0,17.0,100.0,1327.0,100.0,30.0,100.0,0.0,100.0,0.0,100.0,0.0,200.0,0.0,100.0,0.0,100.0,0.0,73.0,10481.0,100.0,0.0,100.0,0.0,100.0,592.0,100.0,0.0,100.0,165479344957.0,100.0,239688278810.0,2024-01-24,,
2437,2024-02-04,12V0A03VFV8G,TOSHIBA MG08ACA16TEY,16000900661248,0,ams5,31,2018,13,14.0,False,100.0,0.0,100.0,0.0,100.0,6946.0,100.0,18.0,100.0,0.0,100.0,0.0,100.0,0.0,65.0,14129.0,100.0,0.0,100.0,18.0,100.0,0.0,100.0,100.0,100.0,0.0,100.0,0.0,100.0,0.0,100.0,0.0,64.0,36.0,100.0,0.0,100.0,17.0,100.0,1327.0,100.0,30.0,100.0,0.0,100.0,0.0,100.0,0.0,200.0,0.0,100.0,0.0,100.0,0.0,73.0,11020.0,100.0,0.0,100.0,0.0,100.0,592.0,100.0,0.0,100.0,165736161357.0,100.0,240140789978.0,2024-01-24,,
2532,2024-02-05,12V0A03VFV8G,TOSHIBA MG08ACA16TEY,16000900661248,0,ams5,31,2018,13,14.0,False,100.0,0.0,100.0,0.0,100.0,6946.0,100.0,18.0,100.0,0.0,100.0,0.0,100.0,0.0,65.0,14157.0,100.0,0.0,100.0,18.0,100.0,0.0,100.0,100.0,100.0,0.0,100.0,0.0,100.0,0.0,100.0,0.0,70.0,30.0,100.0,0.0,100.0,17.0,100.0,1327.0,100.0,29.0,100.0,0.0,100.0,0.0,100.0,0.0,200.0,0.0,100.0,0.0,100.0,0.0,73.0,10355.0,100.0,0.0,100.0,0.0,100.0,592.0,100.0,0.0,100.0,166028974469.0,100.0,240750823274.0,2024-01-24,,
2650,2024-02-06,12V0A03VFV8G,TOSHIBA MG08ACA16TEY,16000900661248,0,ams5,31,2018,13,14.0,False,100.0,0.0,100.0,0.0,100.0,6946.0,100.0,18.0,100.0,0.0,100.0,0.0,100.0,0.0,65.0,14177.0,100.0,0.0,100.0,18.0,100.0,0.0,100.0,100.0,100.0,0.0,100.0,0.0,100.0,0.0,100.0,0.0,70.0,30.0,100.0,0.0,100.0,17.0,100.0,1327.0,100.0,30.0,100.0,0.0,100.0,0.0,100.0,0.0,200.0,0.0,100.0,0.0,100.0,0.0,73.0,11066.0,100.0,0.0,100.0,0.0,100.0,592.0,100.0,0.0,100.0,166235698021.0,100.0,241168015842.0,2024-01-24,,
2756,2024-02-07,12V0A03VFV8G,TOSHIBA MG08ACA16TEY,16000900661248,0,ams5,31,2018,13,14.0,False,100.0,0.0,100.0,0.0,100.0,6946.0,100.0,18.0,100.0,0.0,100.0,0.0,100.0,0.0,65.0,14205.0,100.0,0.0,100.0,18.0,100.0,0.0,100.0,100.0,100.0,0.0,100.0,0.0,100.0,0.0,100.0,0.0,70.0,30.0,100.0,0.0,100.0,17.0,100.0,1327.0,100.0,29.0,100.0,0.0,100.0,0.0,100.0,0.0,200.0,0.0,100.0,0.0,100.0,0.0,24.0,10575.0,100.0,0.0,100.0,0.0,100.0,592.0,100.0,0.0,100.0,166552113845.0,100.0,241810345794.0,2024-01-24,,
2871,2024-02-08,12V0A03VFV8G,TOSHIBA MG08ACA16TEY,16000900661248,0,ams5,31,2018,13,14.0,False,100.0,0.0,100.0,0.0,100.0,6946.0,100.0,18.0,100.0,0.0,100.0,0.0,100.0,0.0,65.0,14225.0,100.0,0.0,100.0,18.0,100.0,0.0,100.0,100.0,100.0,0.0,100.0,0.0,100.0,0.0,100.0,0.0,70.0,30.0,100.0,0.0,100.0,17.0,100.0,1327.0,100.0,29.0,100.0,0.0,100.0,0.0,100.0,0.0,200.0,0.0,100.0,0.0,100.0,0.0,24.0,10603.0,100.0,0.0,100.0,0.0,100.0,592.0,100.0,0.0,100.0,166766331037.0,100.0,242254532530.0,2024-01-24,,
3009,2024-02-09,12V0A03VFV8G,TOSHIBA MG08ACA16TEY,16000900661248,0,ams5,31,2018,13,14.0,False,100.0,0.0,100.0,0.0,100.0,6946.0,100.0,18.0,100.0,0.0,100.0,0.0,100.0,0.0,65.0,14253.0,100.0,0.0,100.0,18.0,100.0,0.0,100.0,100.0,100.0,0.0,100.0,0.0,100.0,0.0,100.0,0.0,70.0,30.0,100.0,0.0,100.0,17.0,100.0,1327.0,100.0,30.0,100.0,0.0,100.0,0.0,100.0,0.0,200.0,0.0,100.0,0.0,100.0,0.0,74.0,11143.0,100.0,0.0,100.0,0.0,100.0,592.0,100.0,0.0,100.0,167136756405.0,100.0,242879515426.0,2024-01-24,,
3137,2024-02-10,12V0A03VFV8G,TOSHIBA MG08ACA16TEY,16000900661248,0,ams5,31,2018,13,14.0,False,100.0,0.0,100.0,0.0,100.0,6946.0,100.0,18.0,100.0,0.0,100.0,0.0,100.0,0.0,65.0,14273.0,100.0,0.0,100.0,18.0,100.0,0.0,100.0,100.0,100.0,0.0,100.0,0.0,100.0,0.0,100.0,0.0,70.0,30.0,100.0,0.0,100.0,17.0,100.0,1327.0,100.0,30.0,100.0,0.0,100.0,0.0,100.0,0.0,200.0,0.0,100.0,0.0,100.0,0.0,74.0,10649.0,100.0,0.0,100.0,0.0,100.0,592.0,100.0,0.0,100.0,167352225949.0,100.0,243354419794.0,2024-01-24,,
3267,2024-02-11,12V0A03VFV8G,TOSHIBA MG08ACA16TEY,16000900661248,0,ams5,31,2018,13,14.0,False,100.0,0.0,100.0,0.0,100.0,6946.0,100.0,18.0,100.0,0.0,100.0,0.0,100.0,0.0,65.0,14301.0,100.0,0.0,100.0,18.0,100.0,0.0,100.0,100.0,100.0,0.0,100.0,0.0,100.0,0.0,100.0,0.0,70.0,30.0,100.0,0.0,100.0,17.0,100.0,1327.0,100.0,30.0,100.0,0.0,100.0,0.0,100.0,0.0,200.0,0.0,100.0,0.0,100.0,0.0,74.0,11189.0,100.0,0.0,100.0,0.0,100.0,592.0,100.0,0.0,100.0,167674595421.0,100.0,243993811258.0,2024-01-24,,
3417,2024-02-12,12V0A03VFV8G,TOSHIBA MG08ACA16TEY,16000900661248,0,ams5,31,2018,13,14.0,False,100.0,0.0,100.0,0.0,100.0,6946.0,100.0,18.0,100.0,0.0,100.0,0.0,100.0,0.0,65.0,14321.0,100.0,0.0,100.0,18.0,100.0,0.0,100.0,100.0,100.0,0.0,100.0,0.0,100.0,0.0,100.0,0.0,71.0,29.0,100.0,0.0,100.0,17.0,100.0,1327.0,100.0,30.0,100.0,0.0,100.0,0.0,100.0,0.0,200.0,0.0,100.0,0.0,100.0,0.0,74.0,10695.0,100.0,0.0,100.0,0.0,100.0,592.0,100.0,0.0,100.0,167854955869.0,100.0,244416640642.0,2024-01-24,,
3539,2024-02-13,12V0A03VFV8G,TOSHIBA MG08ACA16TEY,16000900661248,0,ams5,31,2018,13,14.0,False,100.0,0.0,100.0,0.0,100.0,6946.0,100.0,18.0,100.0,0.0,100.0,0.0,100.0,0.0,65.0,14349.0,100.0,0.0,100.0,18.0,100.0,0.0,100.0,100.0,100.0,0.0,100.0,0.0,100.0,0.0,100.0,0.0,71.0,29.0,100.0,0.0,100.0,17.0,100.0,1327.0,100.0,30.0,100.0,0.0,100.0,0.0,100.0,0.0,200.0,0.0,100.0,0.0,100.0,0.0,74.0,11235.0,100.0,0.0,100.0,0.0,100.0,592.0,100.0,0.0,100.0,168117349005.0,100.0,244990514162.0,2024-01-24,,
3675,2024-02-14,12V0A03VFV8G,TOSHIBA MG08ACA16TEY,16000900661248,0,ams5,31,2018,13,14.0,False,100.0,0.0,100.0,0.0,100.0,6946.0,100.0,18.0,100.0,0.0,100.0,0.0,100.0,0.0,65.0,14369.0,100.0,0.0,100.0,18.0,100.0,0.0,100.0,100.0,100.0,0.0,100.0,0.0,100.0,0.0,100.0,0.0,71.0,29.0,100.0,0.0,100.0,17.0,100.0,1327.0,100.0,30.0,100.0,0.0,100.0,0.0,100.0,0.0,200.0,0.0,100.0,0.0,100.0,0.0,74.0,10741.0,100.0,0.0,100.0,0.0,100.0,592.0,100.0,0.0,100.0,168337240157.0,100.0,245451167130.0,2024-01-24,,
3814,2024-02-15,12V0A03VFV8G,TOSHIBA MG08ACA16TEY,16000900661248,0,ams5,31,2018,13,14.0,False,100.0,0.0,100.0,0.0,100.0,6946.0,100.0,18.0,100.0,0.0,100.0,0.0,100.0,0.0,65.0,14397.0,100.0,0.0,100.0,18.0,100.0,0.0,100.0,100.0,100.0,0.0,100.0,0.0,100.0,0.0,100.0,0.0,71.0,29.0,100.0,0.0,100.0,17.0,100.0,1327.0,100.0,29.0,100.0,0.0,100.0,0.0,100.0,0.0,200.0,0.0,100.0,0.0,100.0,0.0,74.0,26708.0,100.0,0.0,100.0,0.0,100.0,592.0,100.0,0.0,100.0,168627211933.0,100.0,246135145658.0,2024-01-24,,
3927,2024-02-16,12V0A03VFV8G,TOSHIBA MG08ACA16TEY,16000900661248,0,ams5,31,2018,13,14.0,False,100.0,0.0,100.0,0.0,100.0,6946.0,100.0,18.0,100.0,0.0,100.0,0.0,100.0,0.0,64.0,14417.0,100.0,0.0,100.0,18.0,100.0,0.0,100.0,100.0,100.0,0.0,100.0,0.0,100.0,0.0,100.0,0.0,70.0,30.0,100.0,0.0,100.0,17.0,100.0,1327.0,100.0,30.0,100.0,0.0,100.0,0.0,100.0,0.0,200.0,0.0,100.0,0.0,100.0,0.0,74.0,10789.0,100.0,0.0,100.0,0.0,100.0,592.0,100.0,0.0,100.0,168848498429.0,100.0,246642991178.0,2024-01-24,,
4051,2024-02-17,12V0A03VFV8G,TOSHIBA MG08ACA16TEY,16000900661248,0,ams5,31,2018,13,14.0,False,100.0,0.0,100.0,0.0,100.0,6946.0,100.0,18.0,100.0,0.0,100.0,0.0,100.0,0.0,64.0,14445.0,100.0,0.0,100.0,18.0,100.0,0.0,100.0,100.0,100.0,0.0,100.0,0.0,100.0,0.0,100.0,0.0,70.0,30.0,100.0,0.0,100.0,17.0,100.0,1327.0,100.0,29.0,100.0,0.0,100.0,0.0,100.0,0.0,200.0,0.0,100.0,0.0,100.0,0.0,72.0,10817.0,100.0,0.0,100.0,0.0,100.0,592.0,100.0,0.0,100.0,169153274181.0,100.0,247315489138.0,2024-01-24,,
4181,2024-02-18,12V0A03VFV8G,TOSHIBA MG08ACA16TEY,16000900661248,0,ams5,31,2018,13,14.0,False,100.0,0.0,100.0,0.0,100.0,6946.0,100.0,18.0,100.0,0.0,100.0,0.0,100.0,0.0,64.0,14465.0,100.0,0.0,100.0,18.0,100.0,0.0,100.0,100.0,100.0,0.0,100.0,0.0,100.0,0.0,100.0,0.0,64.0,36.0,100.0,0.0,100.0,17.0,100.0,1327.0,100.0,30.0,100.0,0.0,100.0,0.0,100.0,0.0,200.0,0.0,100.0,0.0,100.0,0.0,72.0,11358.0,100.0,0.0,100.0,0.0,100.0,592.0,100.0,0.0,100.0,169365814421.0,100.0,247793368170.0,2024-01-24,,
4317,2024-02-19,12V0A03VFV8G,TOSHIBA MG08ACA16TEY,16000900661248,0,ams5,31,2018,13,14.0,False,100.0,0.0,100.0,0.0,100.0,6946.0,100.0,18.0,100.0,0.0,100.0,0.0,100.0,0.0,64.0,14493.0,100.0,0.0,100.0,18.0,100.0,0.0,100.0,100.0,100.0,0.0,100.0,0.0,100.0,0.0,100.0,0.0,64.0,36.0,100.0,0.0,100.0,17.0,100.0,1327.0,100.0,30.0,100.0,0.0,100.0,0.0,100.0,0.0,200.0,0.0,100.0,0.0,100.0,0.0,72.0,10866.0,100.0,0.0,100.0,0.0,100.0,592.0,100.0,0.0,100.0,169614019525.0,100.0,248363035554.0,2024-01-24,,
4475,2024-02-20,12V0A03VFV8G,TOSHIBA MG08ACA16TEY,16000900661248,0,ams5,31,2018,13,14.0,False,100.0,0.0,100.0,0.0,100.0,6946.0,100.0,18.0,100.0,0.0,100.0,0.0,100.0,0.0,64.0,14513.0,100.0,0.0,100.0,18.0,100.0,0.0,100.0,100.0,100.0,0.0,100.0,0.0,100.0,0.0,100.0,0.0,64.0,36.0,100.0,0.0,100.0,17.0,100.0,1327.0,100.0,30.0,100.0,0.0,100.0,0.0,100.0,0.0,200.0,0.0,100.0,0.0,100.0,0.0,72.0,11404.0,100.0,0.0,100.0,0.0,100.0,592.0,100.0,0.0,100.0,169773546517.0,100.0,248766789594.0,2024-01-24,,
4632,2024-02-21,12V0A03VFV8G,TOSHIBA MG08ACA16TEY,16000900661248,0,ams5,31,2018,13,14.0,False,100.0,0.0,100.0,0.0,100.0,6946.0,100.0,18.0,100.0,0.0,100.0,0.0,100.0,0.0,64.0,14541.0,100.0,0.0,100.0,18.0,100.0,0.0,100.0,100.0,100.0,0.0,100.0,0.0,100.0,0.0,100.0,0.0,64.0,36.0,100.0,0.0,100.0,17.0,100.0,1327.0,100.0,30.0,100.0,0.0,100.0,0.0,100.0,0.0,200.0,0.0,100.0,0.0,100.0,0.0,72.0,10912.0,100.0,0.0,100.0,0.0,100.0,592.0,100.0,0.0,100.0,170064794469.0,100.0,249259054674.0,2024-01-24,,
4791,2024-02-22,12V0A03VFV8G,TOSHIBA MG08ACA16TEY,16000900661248,0,ams5,31,2018,13,14.0,False,100.0,0.0,100.0,0.0,100.0,6946.0,100.0,18.0,100.0,0.0,100.0,0.0,100.0,0.0,64.0,14561.0,100.0,0.0,100.0,18.0,100.0,0.0,100.0,100.0,100.0,0.0,100.0,0.0,100.0,0.0,100.0,0.0,64.0,36.0,100.0,0.0,100.0,17.0,100.0,1327.0,100.0,30.0,100.0,0.0,100.0,0.0,100.0,0.0,200.0,0.0,100.0,0.0,100.0,0.0,72.0,10940.0,100.0,0.0,100.0,0.0,100.0,592.0,100.0,0.0,100.0,170233527277.0,100.0,249638517186.0,2024-01-24,,
4946,2024-02-23,12V0A03VFV8G,TOSHIBA MG08ACA16TEY,16000900661248,0,ams5,31,2018,13,14.0,False,100.0,0.0,100.0,0.0,100.0,6946.0,100.0,18.0,100.0,0.0,100.0,0.0,100.0,0.0,64.0,14589.0,100.0,0.0,100.0,18.0,100.0,0.0,100.0,100.0,100.0,0.0,100.0,0.0,100.0,0.0,100.0,0.0,64.0,36.0,100.0,0.0,100.0,17.0,100.0,1327.0,100.0,30.0,100.0,0.0,100.0,0.0,100.0,0.0,200.0,0.0,100.0,0.0,100.0,0.0,72.0,11480.0,100.0,0.0,100.0,0.0,100.0,592.0,100.0,0.0,100.0,170553892781.0,100.0,250194698130.0,2024-01-24,,
5104,2024-02-24,12V0A03VFV8G,TOSHIBA MG08ACA16TEY,16000900661248,0,ams5,31,2018,13,14.0,False,100.0,0.0,100.0,0.0,100.0,6946.0,100.0,18.0,100.0,0.0,100.0,0.0,100.0,0.0,64.0,14609.0,100.0,0.0,100.0,18.0,100.0,0.0,100.0,100.0,100.0,0.0,100.0,0.0,100.0,0.0,100.0,0.0,64.0,36.0,100.0,0.0,100.0,17.0,100.0,1327.0,100.0,30.0,100.0,0.0,100.0,0.0,100.0,0.0,200.0,0.0,100.0,0.0,100.0,0.0,23.0,10986.0,100.0,0.0,100.0,0.0,100.0,592.0,100.0,0.0,100.0,170759916101.0,100.0,250627495450.0,2024-01-24,,
5248,2024-02-25,12V0A03VFV8G,TOSHIBA MG08ACA16TEY,16000900661248,0,ams5,31,2018,13,14.0,False,100.0,0.0,100.0,0.0,100.0,6946.0,100.0,18.0,100.0,0.0,100.0,0.0,100.0,0.0,64.0,14637.0,100.0,0.0,100.0,18.0,100.0,0.0,100.0,100.0,100.0,0.0,100.0,0.0,100.0,0.0,100.0,0.0,64.0,36.0,100.0,0.0,100.0,17.0,100.0,1327.0,100.0,30.0,100.0,0.0,100.0,0.0,100.0,0.0,200.0,0.0,100.0,0.0,100.0,0.0,23.0,11526.0,100.0,0.0,100.0,0.0,100.0,592.0,100.0,0.0,100.0,171086394125.0,100.0,251198873106.0,2024-01-24,,
5396,2024-02-26,12V0A03VFV8G,TOSHIBA MG08ACA16TEY,16000900661248,0,ams5,31,2018,13,14.0,False,100.0,0.0,100.0,0.0,100.0,6946.0,100.0,18.0,100.0,0.0,100.0,0.0,100.0,0.0,64.0,14657.0,100.0,0.0,100.0,18.0,100.0,0.0,100.0,100.0,100.0,0.0,100.0,0.0,100.0,0.0,100.0,0.0,70.0,30.0,100.0,0.0,100.0,17.0,100.0,1327.0,100.0,30.0,100.0,0.0,100.0,0.0,100.0,0.0,200.0,0.0,100.0,0.0,100.0,0.0,73.0,11032.0,100.0,0.0,100.0,0.0,100.0,592.0,100.0,0.0,100.0,171288362677.0,100.0,251616400490.0,2024-01-24,,
5564,2024-02-27,12V0A03VFV8G,TOSHIBA MG08ACA16TEY,16000900661248,0,ams5,31,2018,13,14.0,False,100.0,0.0,100.0,0.0,100.0,6946.0,100.0,18.0,100.0,0.0,100.0,0.0,100.0,0.0,64.0,14685.0,100.0,0.0,100.0,18.0,100.0,0.0,100.0,100.0,100.0,0.0,100.0,0.0,100.0,0.0,100.0,0.0,70.0,30.0,100.0,0.0,100.0,17.0,100.0,1327.0,100.0,30.0,100.0,0.0,100.0,0.0,100.0,0.0,200.0,0.0,100.0,0.0,100.0,0.0,73.0,11594.0,100.0,0.0,100.0,0.0,100.0,592.0,100.0,0.0,100.0,171560630341.0,100.0,252133244786.0,2024-01-24,,
5731,2024-02-28,12V0A03VFV8G,TOSHIBA MG08ACA16TEY,16000900661248,0,ams5,31,2018,13,14.0,False,100.0,0.0,100.0,0.0,100.0,6946.0,100.0,18.0,100.0,0.0,100.0,0.0,100.0,0.0,64.0,14705.0,100.0,0.0,100.0,18.0,100.0,0.0,100.0,100.0,100.0,0.0,100.0,0.0,100.0,0.0,100.0,0.0,70.0,30.0,100.0,0.0,100.0,17.0,100.0,1327.0,100.0,30.0,100.0,0.0,100.0,0.0,100.0,0.0,200.0,0.0,100.0,0.0,100.0,0.0,73.0,11078.0,100.0,0.0,100.0,0.0,100.0,592.0,100.0,0.0,100.0,171784155997.0,100.0,252517318858.0,2024-01-24,,
5894,2024-02-29,12V0A03VFV8G,TOSHIBA MG08ACA16TEY,16000900661248,0,ams5,31,2018,13,14.0,False,100.0,0.0,100.0,0.0,100.0,6946.0,100.0,18.0,100.0,0.0,100.0,0.0,100.0,0.0,64.0,14733.0,100.0,0.0,100.0,18.0,100.0,0.0,100.0,100.0,100.0,0.0,100.0,0.0,100.0,0.0,100.0,0.0,70.0,30.0,100.0,0.0,100.0,17.0,100.0,1327.0,100.0,30.0,100.0,0.0,100.0,0.0,100.0,0.0,200.0,0.0,100.0,0.0,100.0,0.0,73.0,11640.0,100.0,0.0,100.0,0.0,100.0,592.0,100.0,0.0,100.0,172079737781.0,100.0,253042283202.0,2024-01-24,,
6063,2024-03-01,12V0A03VFV8G,TOSHIBA MG08ACA16TEY,16000900661248,0,ams5,31,2018,13,14.0,False,100.0,0.0,100.0,0.0,100.0,6946.0,100.0,18.0,100.0,0.0,100.0,0.0,100.0,0.0,64.0,14753.0,100.0,0.0,100.0,18.0,100.0,0.0,100.0,100.0,100.0,0.0,100.0,0.0,100.0,0.0,100.0,0.0,70.0,30.0,100.0,0.0,100.0,17.0,100.0,1327.0,100.0,30.0,100.0,0.0,100.0,0.0,100.0,0.0,200.0,0.0,100.0,0.0,100.0,0.0,73.0,11124.0,100.0,0.0,100.0,0.0,100.0,592.0,100.0,0.0,100.0,172315834365.0,100.0,253438609682.0,2024-01-24,,
6223,2024-03-02,12V0A03VFV8G,TOSHIBA MG08ACA16TEY,16000900661248,0,ams5,31,2018,13,14.0,False,100.0,0.0,100.0,0.0,100.0,6946.0,100.0,18.0,100.0,0.0,100.0,0.0,100.0,0.0,64.0,14781.0,100.0,0.0,100.0,18.0,100.0,0.0,100.0,100.0,100.0,0.0,100.0,0.0,100.0,0.0,100.0,0.0,71.0,29.0,100.0,0.0,100.0,17.0,100.0,1327.0,100.0,30.0,100.0,0.0,100.0,0.0,100.0,0.0,200.0,0.0,100.0,0.0,100.0,0.0,73.0,11154.0,100.0,0.0,100.0,0.0,100.0,592.0,100.0,0.0,100.0,172658623397.0,100.0,253980462762.0,2024-01-24,,
6399,2024-03-03,12V0A03VFV8G,TOSHIBA MG08ACA16TEY,16000900661248,0,ams5,31,2018,13,14.0,False,100.0,0.0,100.0,0.0,100.0,6946.0,100.0,18.0,100.0,0.0,100.0,0.0,100.0,0.0,63.0,14801.0,100.0,0.0,100.0,18.0,100.0,0.0,100.0,100.0,100.0,0.0,100.0,0.0,100.0,0.0,100.0,0.0,71.0,29.0,100.0,0.0,100.0,17.0,100.0,1327.0,100.0,30.0,100.0,0.0,100.0,0.0,100.0,0.0,200.0,0.0,100.0,0.0,100.0,0.0,73.0,11170.0,100.0,0.0,100.0,0.0,100.0,592.0,100.0,0.0,100.0,172910019613.0,100.0,254383643170.0,2024-01-24,,
6576,2024-03-04,12V0A03VFV8G,TOSHIBA MG08ACA16TEY,16000900661248,0,ams5,31,2018,13,14.0,False,100.0,0.0,100.0,0.0,100.0,6946.0,100.0,18.0,100.0,0.0,100.0,0.0,100.0,0.0,63.0,14829.0,100.0,0.0,100.0,18.0,100.0,0.0,100.0,100.0,100.0,0.0,100.0,0.0,100.0,0.0,100.0,0.0,71.0,29.0,100.0,0.0,100.0,17.0,100.0,1327.0,100.0,30.0,100.0,0.0,100.0,0.0,100.0,0.0,200.0,0.0,100.0,0.0,100.0,0.0,73.0,11200.0,100.0,0.0,100.0,0.0,100.0,592.0,100.0,0.0,100.0,173212874189.0,100.0,254926214978.0,2024-01-24,,
6737,2024-03-05,12V0A03VFV8G,TOSHIBA MG08ACA16TEY,16000900661248,0,ams5,31,2018,13,14.0,False,100.0,0.0,100.0,0.0,100.0,6946.0,100.0,18.0,100.0,0.0,100.0,0.0,100.0,0.0,63.0,14849.0,100.0,0.0,100.0,18.0,100.0,0.0,100.0,100.0,100.0,0.0,100.0,0.0,100.0,0.0,100.0,0.0,71.0,29.0,100.0,0.0,100.0,17.0,100.0,1327.0,100.0,30.0,100.0,0.0,100.0,0.0,100.0,0.0,200.0,0.0,100.0,0.0,100.0,0.0,71.0,11219.0,100.0,0.0,100.0,0.0,100.0,592.0,100.0,0.0,100.0,173426706917.0,100.0,255352551194.0,2024-01-24,,
6900,2024-03-06,12V0A03VFV8G,TOSHIBA MG08ACA16TEY,16000900661248,0,ams5,31,2018,13,14.0,False,100.0,0.0,100.0,0.0,100.0,6946.0,100.0,18.0,100.0,0.0,100.0,0.0,100.0,0.0,63.0,14877.0,100.0,0.0,100.0,18.0,100.0,0.0,100.0,100.0,100.0,0.0,100.0,0.0,100.0,0.0,100.0,0.0,71.0,29.0,100.0,0.0,100.0,17.0,100.0,1327.0,100.0,30.0,100.0,0.0,100.0,0.0,100.0,0.0,200.0,0.0,100.0,0.0,100.0,0.0,71.0,11249.0,100.0,0.0,100.0,0.0,100.0,592.0,100.0,0.0,100.0,173705689213.0,100.0,256005920362.0,2024-01-24,,
7068,2024-03-07,12V0A03VFV8G,TOSHIBA MG08ACA16TEY,16000900661248,0,ams5,31,2018,13,14.0,False,100.0,0.0,100.0,0.0,100.0,6946.0,100.0,18.0,100.0,0.0,100.0,0.0,100.0,0.0,63.0,14897.0,100.0,0.0,100.0,18.0,100.0,0.0,100.0,100.0,100.0,0.0,100.0,0.0,100.0,0.0,100.0,0.0,71.0,29.0,100.0,0.0,100.0,17.0,100.0,1327.0,100.0,30.0,100.0,0.0,100.0,0.0,100.0,0.0,200.0,0.0,100.0,0.0,100.0,0.0,71.0,11789.0,100.0,0.0,100.0,0.0,100.0,592.0,100.0,0.0,100.0,173907117445.0,100.0,256453396290.0,2024-01-24,,
7248,2024-03-08,12V0A03VFV8G,TOSHIBA MG08ACA16TEY,16000900661248,0,ams5,31,2018,13,14.0,False,100.0,0.0,100.0,0.0,100.0,6946.0,100.0,18.0,100.0,0.0,100.0,0.0,100.0,0.0,63.0,14925.0,100.0,0.0,100.0,18.0,100.0,0.0,100.0,100.0,100.0,0.0,100.0,0.0,100.0,0.0,100.0,0.0,71.0,29.0,100.0,0.0,100.0,17.0,100.0,1327.0,100.0,30.0,100.0,0.0,100.0,0.0,100.0,0.0,200.0,0.0,100.0,0.0,100.0,0.0,71.0,11295.0,100.0,0.0,100.0,0.0,100.0,592.0,100.0,0.0,100.0,174241053085.0,100.0,257089091818.0,2024-01-24,,
7429,2024-03-09,12V0A03VFV8G,TOSHIBA MG08ACA16TEY,16000900661248,0,ams5,31,2018,13,14.0,False,100.0,0.0,100.0,0.0,100.0,6946.0,100.0,18.0,100.0,0.0,100.0,0.0,100.0,0.0,63.0,14945.0,100.0,0.0,100.0,18.0,100.0,0.0,100.0,100.0,100.0,0.0,100.0,0.0,100.0,0.0,100.0,0.0,71.0,29.0,100.0,0.0,100.0,17.0,100.0,1327.0,100.0,30.0,100.0,0.0,100.0,0.0,100.0,0.0,200.0,0.0,100.0,0.0,100.0,0.0,71.0,27260.0,100.0,0.0,100.0,0.0,100.0,592.0,100.0,0.0,100.0,174488736181.0,100.0,257530611442.0,2024-01-24,,
7597,2024-03-10,12V0A03VFV8G,TOSHIBA MG08ACA16TEY,16000900661248,0,ams5,31,2018,13,14.0,False,100.0,0.0,100.0,0.0,100.0,6946.0,100.0,18.0,100.0,0.0,100.0,0.0,100.0,0.0,63.0,14973.0,100.0,0.0,100.0,18.0,100.0,0.0,100.0,100.0,100.0,0.0,100.0,0.0,100.0,0.0,100.0,0.0,71.0,29.0,100.0,0.0,100.0,17.0,100.0,1327.0,100.0,30.0,100.0,0.0,100.0,0.0,100.0,0.0,200.0,0.0,100.0,0.0,100.0,0.0,71.0,11343.0,100.0,0.0,100.0,0.0,100.0,592.0,100.0,0.0,100.0,174859343469.0,100.0,258109625434.0,2024-01-24,,
7778,2024-03-11,12V0A03VFV8G,TOSHIBA MG08ACA16TEY,16000900661248,0,ams5,31,2018,13,14.0,False,100.0,0.0,100.0,0.0,100.0,6946.0,100.0,18.0,100.0,0.0,100.0,0.0,100.0,0.0,63.0,14993.0,100.0,0.0,100.0,18.0,100.0,0.0,100.0,100.0,100.0,0.0,100.0,0.0,100.0,0.0,100.0,0.0,71.0,29.0,100.0,0.0,100.0,17.0,100.0,1327.0,100.0,29.0,100.0,0.0,100.0,0.0,100.0,0.0,200.0,0.0,100.0,0.0,100.0,0.0,71.0,11200.0,100.0,0.0,100.0,0.0,100.0,592.0,100.0,0.0,100.0,175078651661.0,100.0,258561707442.0,2024-01-24,,
7951,2024-03-12,12V0A03VFV8G,TOSHIBA MG08ACA16TEY,16000900661248,0,ams5,31,2018,13,14.0,False,100.0,0.0,100.0,0.0,100.0,6946.0,100.0,18.0,100.0,0.0,100.0,0.0,100.0,0.0,63.0,15021.0,100.0,0.0,100.0,18.0,100.0,0.0,100.0,100.0,100.0,0.0,100.0,0.0,100.0,0.0,100.0,0.0,71.0,29.0,100.0,0.0,100.0,17.0,100.0,1327.0,100.0,30.0,100.0,0.0,100.0,0.0,100.0,0.0,200.0,0.0,100.0,0.0,100.0,0.0,22.0,11388.0,100.0,0.0,100.0,0.0,100.0,592.0,100.0,0.0,100.0,175413273413.0,100.0,259126456274.0,2024-01-24,,
8129,2024-03-13,12V0A03VFV8G,TOSHIBA MG08ACA16TEY,16000900661248,0,ams5,31,2018,13,14.0,False,100.0,0.0,100.0,0.0,100.0,6946.0,100.0,18.0,100.0,0.0,100.0,0.0,100.0,0.0,63.0,15041.0,100.0,0.0,100.0,18.0,100.0,0.0,100.0,100.0,100.0,0.0,100.0,0.0,100.0,0.0,100.0,0.0,71.0,29.0,100.0,0.0,100.0,17.0,100.0,1327.0,100.0,30.0,100.0,0.0,100.0,0.0,100.0,0.0,200.0,0.0,100.0,0.0,100.0,0.0,72.0,11248.0,100.0,0.0,100.0,0.0,100.0,592.0,100.0,0.0,100.0,175655693301.0,100.0,259581587378.0,2024-01-24,,
8318,2024-03-14,12V0A03VFV8G,TOSHIBA MG08ACA16TEY,16000900661248,0,ams5,31,2018,13,14.0,False,100.0,0.0,100.0,0.0,100.0,6946.0,100.0,18.0,100.0,0.0,100.0,0.0,100.0,0.0,63.0,15069.0,100.0,0.0,100.0,18.0,100.0,0.0,100.0,100.0,100.0,0.0,100.0,0.0,100.0,0.0,100.0,0.0,71.0,29.0,100.0,0.0,100.0,17.0,100.0,1327.0,100.0,30.0,100.0,0.0,100.0,0.0,100.0,0.0,200.0,0.0,100.0,0.0,100.0,0.0,72.0,31616.0,100.0,0.0,100.0,0.0,100.0,592.0,100.0,0.0,100.0,176042910165.0,100.0,260190770098.0,2024-01-24,,
8506,2024-03-15,12V0A03VFV8G,TOSHIBA MG08ACA16TEY,16000900661248,0,ams5,31,2018,13,14.0,False,100.0,0.0,100.0,0.0,100.0,6946.0,100.0,18.0,100.0,0.0,100.0,0.0,100.0,0.0,63.0,15089.0,100.0,0.0,100.0,18.0,100.0,0.0,100.0,100.0,100.0,0.0,100.0,0.0,100.0,0.0,100.0,0.0,70.0,30.0,100.0,0.0,100.0,17.0,100.0,1327.0,100.0,30.0,100.0,0.0,100.0,0.0,100.0,0.0,200.0,0.0,100.0,0.0,100.0,0.0,72.0,11467.0,100.0,0.0,100.0,0.0,100.0,592.0,100.0,0.0,100.0,176322945349.0,100.0,260618415066.0,2024-01-24,,
8692,2024-03-16,12V0A03VFV8G,TOSHIBA MG08ACA16TEY,16000900661248,0,ams5,31,2018,13,14.0,False,100.0,0.0,100.0,0.0,100.0,6946.0,100.0,18.0,100.0,0.0,100.0,0.0,100.0,0.0,63.0,15116.0,100.0,0.0,100.0,18.0,100.0,0.0,100.0,100.0,100.0,0.0,100.0,0.0,100.0,0.0,100.0,0.0,70.0,30.0,100.0,0.0,100.0,17.0,100.0,1327.0,100.0,29.0,100.0,0.0,100.0,0.0,100.0,0.0,200.0,0.0,100.0,0.0,100.0,0.0,72.0,12007.0,100.0,0.0,100.0,0.0,100.0,592.0,100.0,0.0,100.0,176707577517.0,100.0,261190580490.0,2024-01-24,,
8886,2024-03-17,12V0A03VFV8G,TOSHIBA MG08ACA16TEY,16000900661248,0,ams5,31,2018,13,14.0,False,100.0,0.0,100.0,0.0,100.0,6946.0,100.0,18.0,100.0,0.0,100.0,0.0,100.0,0.0,63.0,15137.0,100.0,0.0,100.0,18.0,100.0,0.0,100.0,100.0,100.0,0.0,100.0,0.0,100.0,0.0,100.0,0.0,71.0,29.0,100.0,0.0,100.0,17.0,100.0,1327.0,100.0,29.0,100.0,0.0,100.0,0.0,100.0,0.0,200.0,0.0,100.0,0.0,100.0,0.0,72.0,11514.0,100.0,0.0,100.0,0.0,100.0,592.0,100.0,0.0,100.0,176903355037.0,100.0,261641550978.0,2024-01-24,,
9091,2024-03-18,12V0A03VFV8G,TOSHIBA MG08ACA16TEY,16000900661248,0,ams5,31,2018,13,14.0,False,100.0,0.0,100.0,0.0,100.0,6946.0,100.0,18.0,100.0,0.0,100.0,0.0,100.0,0.0,63.0,15164.0,100.0,0.0,100.0,18.0,100.0,0.0,100.0,100.0,100.0,0.0,100.0,0.0,100.0,0.0,100.0,0.0,70.0,30.0,100.0,0.0,100.0,17.0,100.0,1327.0,100.0,29.0,100.0,0.0,100.0,0.0,100.0,0.0,200.0,0.0,100.0,0.0,100.0,0.0,72.0,12054.0,100.0,0.0,100.0,0.0,100.0,592.0,100.0,0.0,100.0,177175714533.0,100.0,262216633178.0,2024-01-24,,
9292,2024-03-19,12V0A03VFV8G,TOSHIBA MG08ACA16TEY,16000900661248,0,ams5,31,2018,13,14.0,False,100.0,0.0,100.0,0.0,100.0,6946.0,100.0,18.0,100.0,0.0,100.0,0.0,100.0,0.0,63.0,15185.0,100.0,0.0,100.0,18.0,100.0,0.0,100.0,100.0,100.0,0.0,100.0,0.0,100.0,0.0,100.0,0.0,70.0,30.0,100.0,0.0,100.0,17.0,100.0,1327.0,100.0,30.0,100.0,0.0,100.0,0.0,100.0,0.0,200.0,0.0,100.0,0.0,100.0,0.0,72.0,11561.0,100.0,0.0,100.0,0.0,100.0,592.0,100.0,0.0,100.0,177356725645.0,100.0,262567864170.0,2024-01-24,,
9476,2024-03-20,12V0A03VFV8G,TOSHIBA MG08ACA16TEY,16000900661248,0,ams5,31,2018,13,14.0,False,100.0,0.0,100.0,0.0,100.0,6946.0,100.0,18.0,100.0,0.0,100.0,0.0,100.0,0.0,62.0,15212.0,100.0,0.0,100.0,18.0,100.0,0.0,100.0,100.0,100.0,0.0,100.0,0.0,100.0,0.0,100.0,0.0,64.0,36.0,100.0,0.0,100.0,17.0,100.0,1327.0,100.0,30.0,100.0,0.0,100.0,0.0,100.0,0.0,200.0,0.0,100.0,0.0,100.0,0.0,72.0,12122.0,100.0,0.0,100.0,0.0,100.0,592.0,100.0,0.0,100.0,177674158925.0,100.0,263094104058.0,2024-01-24,,
9679,2024-03-21,12V0A03VFV8G,TOSHIBA MG08ACA16TEY,16000900661248,0,ams5,31,2018,13,14.0,False,100.0,0.0,100.0,0.0,100.0,6946.0,100.0,18.0,100.0,0.0,100.0,0.0,100.0,0.0,62.0,15233.0,100.0,0.0,100.0,18.0,100.0,0.0,100.0,100.0,100.0,0.0,100.0,0.0,100.0,0.0,100.0,0.0,64.0,36.0,100.0,0.0,100.0,17.0,100.0,1327.0,100.0,30.0,100.0,0.0,100.0,0.0,100.0,0.0,200.0,0.0,100.0,0.0,100.0,0.0,90.0,11611.0,100.0,0.0,100.0,0.0,100.0,592.0,100.0,0.0,100.0,177870089029.0,100.0,263514014154.0,2024-01-24,,
9872,2024-03-22,12V0A03VFV8G,TOSHIBA MG08ACA16TEY,16000900661248,0,ams5,31,2018,13,14.0,False,100.0,0.0,100.0,0.0,100.0,6946.0,100.0,18.0,100.0,0.0,100.0,0.0,100.0,0.0,62.0,15260.0,100.0,0.0,100.0,18.0,100.0,0.0,100.0,100.0,100.0,0.0,100.0,0.0,100.0,0.0,100.0,0.0,64.0,36.0,100.0,0.0,100.0,17.0,100.0,1327.0,100.0,30.0,100.0,0.0,100.0,0.0,100.0,0.0,200.0,0.0,100.0,0.0,100.0,0.0,70.0,12150.0,100.0,0.0,100.0,0.0,100.0,592.0,100.0,0.0,100.0,178178972277.0,100.0,264100179922.0,2024-01-24,,
